Title,Description
What is Data Scraping? The Tutorial for Beginners,"WEBData scraping is the process of using an application to extract valuable information from a website. This will allow us to obtain large amounts of data from websites in a short amount of time. Many of the larger websites like Google, Facebook, and GitHub have APIs that …

Docker Quick Start · Browserless Docs
Frequently Asked Questions
Account
Documentation
Terms of Service
Pricing"
What is Data Scraping? And How Does it Work? | A Complete Guide,"WEBLearn what data scraping is, how it differs from web and screen scraping, and how to use it with Fortra's Automate. Explore the steps, techniques, and considerations for data …"
Videos of Data Scraping,
What is Data Scraping? Definition & How to Use it - Datamation,"WEBData scraping is the process of extracting large amounts of data from publicly available web sources. Learn how data scraping works, what techniques are used, what use cases …"
What Is Web Scraping? [A Complete Step-by-Step Guide],"WEBLearn web scraping, a technique to collect data from the internet, and how it's used for data analytics. Find out how web scrapers work, what tools you need, and what legal rules to …"
Data scraping - Wikipedia,"WEBData scraping is a technique where a computer program extracts data from human-readable output coming from another program. Description. Normally, data transfer between …"
What is data scraping? | Cloudflare,"WEBData scraping is a technique of extracting data from websites using computer programs. Learn why and how scrapers do it, and how websites can protect themselves from data …"
"Data Scraping: Meaning, Types, and Applications","WEBIn simpler terms, data scraping meaning involves the automated extraction of data from websites. It encompasses the utilization of dedicated tools or scripting programs to …"
"Data Scraping Guide: Tools, Techniques, and Use Cases","WEBLearn what data scraping is, how to do it, and why it matters for various industries. Explore the tools, techniques, best practices, and ethical considerations for data scraping."
Web Scraping Python Tutorial – How to Scrape Data From A …,"WEBPython is used for a number of things, from data analysis to server programming. And one exciting use-case of Python is Web Scraping. In this article, we will cover how to use …"
What Is Data Scraping And How Can You Use It? - Target Internet,"WEBData scraping is the process of importing information from a website into a spreadsheet or local file. It can be used for various purposes, such as research, pricing, sales leads, and …"
,People also search fordata scraping examplesscraping data meaningdata crawling vs scrapingdata scraping for beginnersdata scrubbing vs cleansingdata scraping techniques
What Is Data Scraping And How Can You Use It? - Target Internet,"WEBData Scraping with dynamic web queries in Microsoft Excel. Setting up a dynamic web query in Microsoft Excel is an easy, versatile data scraping method that enables you to set up a data feed from an external website (or multiple websites) into a spreadsheet. Watch this excellent tutorial video to learn how to import data from the web to Excel – or, if you …"
Web Scraping Basics. How to scrape data from a …,"Web Scraping Basics. How to scrape data from a …

WEB15 Jul 2020 · Approach 2: If website stores data in API and the website queries the API each time when user visit the website, you can simulate the request and directly query data from the API. Steps: Inspect the XHR …"
A Practical Introduction to Web Scraping in Python,"WEBWeb scraping is the process of collecting and parsing raw data from the Web, and the Python community has come up with some pretty powerful web scraping tools. The Internet hosts perhaps the greatest source of information on the planet. Many disciplines, such as data science, business intelligence, and investigative reporting, can benefit ..."
"What is Data Scraping, And Why Is It a Threat? - How-To Geek","WEB13 Jul 2021 · Data scraping and web scraping are two different automated techniques that achieve the same end. They harvest data from systems owned by third parties. They extract the data, collate it, and store it in ways that facilitate its reuse. Typically this means putting it into a database or into a portable format like CSV."
What Is Web Scraping? How To Legally Extract Web Content - Kinsta,"WEB18 Sep 2023 · Web scraping is a collection of practices used to automatically extract — or “scrape” — data from the web. Web scraping uses software to gather data from websites. Other terms for web scraping include “ content scraping ” or “data scraping.”. Regardless of what it’s called, web scraping is an extremely useful tool for online ..."
What Is Web Scraping? How to Automate Web Data Collection - G2,"WEB17 Feb 2023 · To scrape data, you need two things: a crawler and a scraper. A crawler is an artificial intelligence (AI) algorithm that looks for particular data on the web. Web scraping tools can also use web crawlers to directly access data from the world wide web (WWW) using the hypertext transfer protocol (HTTP) or a web browser like Chrome."
"Data Scraping Guide: Tools, Techniques, and Use Cases","WEB11 Jan 2024 · What is the data scraping technique? Data scraping techniques encompass a range of methods, from automated web scraping using bots or crawlers to leveraging APIs for structured data extraction. HTML parsing, data point extraction, captcha solving, and proxy servers are among the various techniques employed to efficiently collect data from …"
5 Free Web Scraping Tools for Big Data Collection | Built In,"WEB8 Jan 2024 · More web scraping tools to know. | Video: Proxyway. 9 Comprehensive Data Science Cheat Sheets. ParseHub is a potent web scraping tool that anyone can use free of charge. It offers reliable, accurate data extraction with the click of a button. You can also schedule scraping times to keep your data up to date."
"What Is Data Scraping | Techniques, Tools & Mitigation | Imperva","WEB19 Feb 2024 · Data scraping, or web scraping, is a process of importing data from websites into files or spreadsheets. It is used to extract data from the web, either for personal use by the scraping operator, or to reuse the data on other websites. There are numerous software applications for automating data scraping. Data scraping is commonly used to: Collect …"
"Web Scraping 101: Tools, Techniques and Best Practices","WEB22 Mar 2023 · 4) Octoparse. Octoparse is a web scraping tool perfect for anyone who needs to extract data from websites but wants to save time learning to code. With Octoparse, you can scrape data using a ..."
,People also search fordata scraping examplesscraping data meaningdata crawling vs scrapingdata scraping for beginnersdata scrubbing vs cleansingdata scraping techniques
13 BEST Web Scraping Tools for Data Extraction (2024 …,"13 BEST Web Scraping Tools for Data Extraction (2024 …

WEB31 Jan 2024 · 3) Apify Apify is a web scraping and automation platform to create an API for any website, with integrated residential and data center proxies optimized for data extraction. Apify Store has ready-made …"
Web Scraping using Python (and Beautiful Soup) | DataCamp,"WEBTo perform web scraping, you should also import the libraries shown below. The urllib.request module is used to open URLs. The Beautiful Soup package is used to extract data from html files. The Beautiful Soup library's name is bs4 which stands for Beautiful Soup, version 4. from urllib. request import urlopen."
Top 7 Data Scraping Tools in 2024 | Octoparse,"WEB17 Jul 2022 · 2. Mozenda. Mozenda is a cloud-based web scraping service. It includes a web console and agent builder that allows you to run your own agents, and view and organize results. It also lets you export or publish extracted data to a cloud storage provider such as Dropbox, Amazon S3, or Microsoft Azure."
Data Scraping: Explained: What is data scraping and why Elon …,"WEB3 Jul 2023 · Data scraping, also known as web scraping, is the automated process of extracting large amounts of data from websites or online sources."
What is data scraping - Javatpoint,WEBWhat is data scraping? Data scraping is defined as a technique in which a computer program extracts a set of data with the help of output generated from another program. The technique is commonly manifested in web scraping. Web scraping. Web scraping is defined as the process of extracting some useful and valuable information from a website.
"Data Scraping: A Quick, Basic Tutorial in Python - Medium","WEB11 May 2020 · Data scraping has been used to plagiarize, spam, and even commit identity theft and fraud. We are working with some powerful stuff here! While the practice of data scraping is an ethical concept, ..."
What Is Data Scraping?,"WEB14 Feb 2024 · Data scraping is a dynamic tool, empowering businesses and individuals to extract valuable insights from the vast expanse of the Internet and online applications. From competitive intelligence and market research to personalized user experiences, the applications of data scraping are diverse and impactful."
What is data scraping? - YouTube,"2:06

WEB29 Oct 2020 · Data scraping, or web scraping, is the process of extracting data from a website. Scraper bots are designed to derive information from these websites. A user...

Author: The Hindu
Views: 42.2K"
The Best Web Scraping Tools for 2024 | ScrapingBee,WEB8 Jan 2024 · Goutte. Goutte is a PHP library designed for general-purpose web crawling and web scraping. It heavily relies on Symfony components and conveniently combines them to support your scraping tasks. Goutte provides a nice API to crawl websites and extract data from HTML/XML responses.
What is Web Scraping? How to Scrape Data from Website,"WEBThe basics of web data extraction. A web scraper automates the process of extracting information from other websites, quickly and accurately. The data extracted is delivered in a structured format, making it easier to analyze and use in your projects. The process is extremely simple and works by way of two parts: a web crawler and a web scraper ..."
,People also search fordata scraping examplesscraping data meaningdata crawling vs scrapingdata scraping for beginnersdata scrubbing vs cleansingdata scraping techniques
What is Web Scraping? | A Complete Guide,"WEBWeb scraping is specific to web content, while screen scraping deals with data from software applications, including web-based and desktop applications. Web scraping is a subset of data scraping specifically tailored to extracting data from the web; data scraping encompasses a broader range of data extraction techniques from various sources ..."
Data Scraping Company - Web Scraping Services,"Data Scraping Company - Web Scraping Services

WEBAbout Us. 3i Data Scraping Is A Company That Specializes In Web Data Scraping And Has A Global Reach. We Provide High-quality Web Data Scraping Services, including Web Extraction, Visualization, Mining, Web …"
Web scraping - Wikipedia,"WEBWeb scraping, web harvesting, or web data extraction is data scraping used for extracting data from websites. Web scraping software may directly access the World Wide Web using the Hypertext Transfer Protocol or a web browser. While web scraping can be done manually by a software user, the term typically refers to automated processes …"
Data Scraping: How to Use It to Your Advantage | Iterators,WEB6 Dec 2021 · Iterators. Tech & Business. Data Scraping used to be one technique that was usually deployed as a last resort when other options for data exchange between two programs or systems had failed. The process is quite simple in function – extract data from the output of a program and feed it to another program as input.
Instant Data Scraper - Google Chrome,"WEBWeb scraping and data downloading is made easy with our tool. Furthermore, you have data security and privacy as the scraped data does not leave your browser. Instant Data Scraper USE CASES: * Lead generation for companies and freelancers. * Growth hackers looking for easy ways to collect data. * Recruiters looking for job candidates. * Crawl results from …"
What is Data Scraping? An Overview of Techniques and Tools,"WEB26 Jun 2023 · Data scraping is a technique used to acquire information from websites, databases, and applications, often involving web scraping and screen scraping methods. The primary goal of data scraping is to extract data from websites through automated processes, pulling data from diverse sources for various purposes. As our world becomes …"
Scraping Data from a Real Website | Web Scraping in Python,WEB11 Jul 2023 · Take my Full Python Course Here: https://bit.ly/48O581RIn this Web Scraping tutorial we are going to be scraping data from a real website!GitHub Code: https:...
ParseHub | Free web scraping - The most powerful web scraper,"WEBParseHub is an intuitive and easy to learn data scraping tool. There are a variety of tutorials to get you started with the basics and then progress on to more advanced extraction projects. It's also easy to start on the free plan and then migrate up to the Standard and Professional plans as required. Even better, the customer support is excellent. Highly …"
Best Open Source Data Scraping Tools In 2023 | Data Stack Hub,"WEB13 Best Open Source Data Scraping Tools. #1. Scrapy. Scrapy is a powerful and highly customizable open-source web crawling and web scraping framework written in Python. It is designed for efficiency and flexibility, making it a popular choice among developers and data enthusiasts for extracting data from websites."
"Data Scraping: Meaning, Types, and Applications","WEB18 Dec 2023 · Data scraping techniques can vary based on the complexity of the task and the source of data. Here are some common types: 1. Web Scraping. The most widely used method of data scraping is web scraping, which entails retrieving information from websites. This encompasses text, images, prices, or any other data present on web pages."
,People also search fordata scraping examplesscraping data meaningdata crawling vs scrapingdata scraping for beginnersdata scrubbing vs cleansingdata scraping techniques
Python Web Scraping Tutorials – Real Python,"Python Web Scraping Tutorials – Real Python

WEB2 Jan 2024 · Free Bonus: Click here to download a ""Python + Selenium"" project skeleton with full source code that you can use as a foundation for your own Python web scraping and automation apps. Learn web …"
Studio - About Data Scraping - UiPath Documentation Portal,"WEB20 Dec 2023 · The scraping wizard can be opened from the Design tab, by clicking the Data Scraping button. The main steps of the data scraping wizard are: Select the first and last fields in the web page, document or application that you want to extract data from, so that Studio can deduce the pattern of the information. Note: Studio automatically detects if ..."
Studio - About Data Scraping - UiPath Documentation Portal,"WEB3 Apr 2024 · The scraping wizard can be opened from the Design tab, by clicking the Data Scraping button. The main steps of the data scraping wizard are: Select the first and last fields in the web page, document or application that you want to extract data from, so that Studio can deduce the pattern of the information. Note: Studio automatically detects if ..."
Data-scraping attack against 23andMe hits 1.3M | SC Media,WEB9 Oct 2023 · Data scraping attack against 23andMe hits 1.3M Major U.S. biotechnology and genetic testing firm 23andMe was discovered by a security researcher to have had data from more than 1.3 million ...
What Is Data Scraping? Definition & How it Works - Netnut,"WEB13 Sep 2023 · Data scraping, or data extraction is a technique that enables the retrieval of vast amounts of data from websites, databases, and other digital sources. Various industries, like E-Commerce, healthcare, travel and hospitality, real estate, and finance, leverage data scraping to access, store, and analyze data for making intelligent business …"
What is web scraping? The Ultimate Guide - DataDome,"WEB6 Mar 2022 · Web scraping —aka web harvesting, screen scraping, content scraping, or simply “ scraping “—is the automated collection of data from your website, often for malicious purposes like content reselling and price undercutting. Cybercriminals use web scrapers, or scraper bots, to mimic regular browsers and access websites by following …"
What is web scraping? Complete guide to the basics.,"WEB24 Aug 2023 · What is scraping data? Scraping data is the point of web scraping. It's all about getting that juicy unstructured data and transforming it into something more useful. This unstructured data might include text, images, prices, contact details, or any other information publicly displayed on a web page. The scraped data is often cleaned, turned …"
Python Web Scraping Tutorial - GeeksforGeeks,"WEB11 Mar 2024 · Python Web Scraping Tutorial. Web scraping, the process of extracting data from websites, has emerged as a powerful technique to gather information from the vast expanse of the internet. In this tutorial, we’ll explore various Python libraries and modules commonly used for web scraping and delve into why Python 3 is the preferred choice for ..."
Web Data Scraping Jobs | Upwork™,"WEBCreate and sell related projects. Browse 2,700 open jobs and land a remote Web Data Scraping job today. See detailed job requirements, compensation, duration, employer history, & apply today."
What Is Data Scraping? Definition & Usage | Okta UK,"WEB14 Feb 2023 · Data scraping involves pulling information out of a website and into a spreadsheet. To a dedicated data scraper, the method is an efficient way to grab a great deal of information for analysis, processing, or presentation. For example: Imagine that you work for a local shoe company, and your manager asked you to find people who might be …"
,People also search fordata scraping examplesscraping data meaningdata crawling vs scrapingdata scraping for beginnersdata scrubbing vs cleansingdata scraping techniques
A Step by Step Guide to Web Scraping in Python,"A Step by Step Guide to Web Scraping in Python

WEB22 Aug 2020 · That’s why most data scientists and developers go with web scraping using code. It’s easy to write code to extract data from a 100 webpage than do them by hand. Web Scraping is the technique used by …"
"Data Scraping, its Importance, and the Tools to Make it …","Data Scraping, its Importance, and the Tools to Make it …

WEB28 Mar 2023 · Simply put, data scraping is the process of extracting data from websites, databases, and other sources. Furthermore, this data extraction can be done manually or by using automated data scraping …"
About Data Scraping - UiPath Studio,"WEBData scraping always generates a container ( Attach Browser or Attach Window) with a selector for the top-level window and an Extract Structured Data activity with a partial selector, thus ensuring a correct identification of the app to be scraped. Additionally, the Extract Structured Data activity also comes with an automatically generated XML ..."
Top 5 AI Web Scraping Platforms - Analytics Vidhya,"WEB4 Oct 2023 · Scrapestorm is a visual scraping tool that allows data selection through a point-and-click interface. Besides, users can also schedule the web scraping for specific times and offer an easy-to-use interface. The Scrapestorm offers operations in two different modes: smart and flowchart. Additionally, there are multiple suited data export methods …"
Data Scraper - Easy Web Scraping - Google Chrome,"WEB2 days ago · DataMiner is a data extraction tool that lets you scrape any HTML web page. You can extract tables and lists from any page and upload them to Google Sheets or Microsoft Excel. With this tool you can export web pages into XLS, CSV, XLSX or TSV files (.xls .csv .xlsx .tsv) You can use DataMiner for FREE in our starter subscription plan. You …"
DATA SCRAPING | English meaning - Cambridge Dictionary,WEBDATA SCRAPING definition: 1. another name for scraping (= the activity of taking information from a website or computer…. Learn more.
What is data scraping and how is it used? - The SilverLogic,"WEB3 Feb 2022 · Data scraping, also known as data extraction, is a technique that allows the automatic collection, analysis, and integration of data from websites, databases, and enterprise applications without an API. It is a cost-effective alternative to manual data entry that helps automate data collection of large amounts of relevant information such as ..."
Data Scraping — Part 1: An Introduction to the Fundamentals,"WEB8 Oct 2023 · Data scraping is a valuable tool for extracting information from the internet efficiently. It plays a crucial role in various fields, from business intelligence to research and content creation ..."
Beautiful Soup: Build a Web Scraper With Python – Real Python,"WEBThe incredible amount of data on the Internet is a rich resource for any field of research or personal interest. To effectively harvest that data, you’ll need to become skilled at web scraping.The Python libraries requests and Beautiful Soup are powerful tools for the job. If you like to learn with hands-on examples and have a basic understanding of Python and …"
The Ultimate Guide to Web Scraping Techniques in 2023,"WEB11 Dec 2023 · Web scraping, also known as data scraping, is a technique for extracting data from web pages, proving invaluable for eCommerce businesses, marketers, consultancies, academic researchers, and more. The world is generating an astounding 2.5 million bytes of data every day, and web scraping techniques offer access to this vast pool of information …"
,People also search fordata scraping examplesscraping data meaningdata crawling vs scrapingdata scraping for beginnersdata scrubbing vs cleansingdata scraping techniques
Introduction to Web Scraping - GeeksforGeeks,"WEB11 Mar 2024 · Web Scraping is the automation of the data extraction process from websites. One way is to copy-paste the data, which is both tedious and time-consuming manually , So This event is done with the help of web scraping software known as web scrapers. They automatically load and extract data from the websites based on user …"
Data Scraping | Best Data Scraping Services - BizProspex,WEBWEB SCRAPING. We are at BizProspex are a meticulously trained team of data junkies capable of digging out diamonds from a coal mine when it comes to web scraping. We are the best data extraction service provider which assists you in filling up your CRM with hot leads. Our web crawlers extract relevant information which is purely based on human ...
Studio - About Data Scraping - UiPath Documentation Portal,"WEB3 Apr 2024 · The scraping wizard can be opened from the Design tab, by clicking the Data Scraping button. The main steps of the data scraping wizard are: Select the first and last fields in the web page, document or application that you want to extract data from, so that Studio can deduce the pattern of the information. Note: Studio automatically detects if ..."
Example of Using Data Scraping - UiPath Studio,"WEBAdd an Excel Application Scope activity under the Data Scraping sequence. In the Properties panel of the Excel Application Scope activity, in the WorkbookPath field, type ""web_scraping.xlsx"". Upon project execution, a file with this name is created in the project folder to store data from the scraping. Alternatively, you can specify a file that already …"
Web Scraping with Python Course | DataCamp,"WEBCourse Description. The ability to build tools capable of retrieving and parsing information stored across the internet has been and continues to be valuable in many veins of data science. In this course, you will learn to navigate and parse html code, and build tools to crawl websites automatically. Although our scraping will be conducted ..."
The Ultimate Guide to Scrape Websites for Data Using Web Scraping …,"WEB11 Jan 2024 · The most popular web scraping tools include BeautifulSoup, Scrapy, and Selenium. These tools act as your aids. They help you access and extract data from websites. Each tool comes with its unique features and strengths. They cater to different aspects of web scraping, and empower you to navigate and extract information …"
How to scrape data from a website - TechTarget,"WEB11 Sep 2023 · The most straightforward way to scrape data from a website is to manually copy data from the source and analyze it. Browser developer tools. Browsers have many built-in tools to inspect and extract website elements. One example is the inspect function, which shows the website's underlying source code. Browser extensions."
Top Web Scraping Courses Online - Updated [April 2024] - Udemy,"WEBTop companies choose Udemy Business to build in-demand career skills. Learn web scraping and crawling techniques from a top-rated web development instructor. Whether you’re interested in learning front-end web testing, or how to crawl websites for marketing and sales data, Udemy has a Web Scraping course to help you develop better websites."
"Roadmap to Web Scraping: Use Cases, Methods & Tools in 2024",WEBWe developed a data-driven web scraping vendor evaluation to help you selecting the right web scraper. Figure 3: Roadmap for choosing the right web scraping tool. Top 10 web scraping applications/use cases Data Analytics & Data Science. 1. Training predictive models: Predictive models require a large volume of data to improve the accuracy of ...
Beginner’s Guide on How to Prepare Dataset using Web Scraping,"WEB22 Sep 2022 · Scrapy provides a default quote website for learning web scraping using scrapy. It consists of various quotes along with the author’s name and tags to which it belongs. we will create a dataframe with 3 columns as quote, author, and tag. After installing spacy follow the below steps."
,People also search fordata scraping examplesscraping data meaningdata crawling vs scrapingdata scraping for beginnersdata scrubbing vs cleansingdata scraping techniques
Studio - Example of Using Data Scraping - UiPath Documentation …,"WEB3 Apr 2024 · Add an Excel Application Scope activity under the Data Scraping sequence. In the Properties panel of the Excel Application Scope activity, in the WorkbookPath field, type ""web_scraping.xlsx"". Upon project execution, a file with this name is created in the project folder to store data from the scraping. Alternatively, you can specify a file that already …"
What Is Data Scraping? Definition & Usage - Okta SG,"WEB14 Feb 2023 · Data scraping involves pulling information out of a website and into a spreadsheet. To a dedicated data scraper, the method is an efficient way to grab a great deal of information for analysis, processing, or presentation. For example: Imagine that you work for a local shoe company, and your manager asked you to find people who might be …"
What Is Data Scraping? - Inventivawhat-is-data-scraping …,WEB4 Feb 2023 · Data scraping is commonly used to: Gather business information to inform your site’s content. Identify costs for travel comparison or booking websites. Obtaining sales leads or conducting market research using public data sources; Send product data from e-commerce websites to online marketplaces such as Google Shopping. Although data …
India: Data Scraping And Legal Issues In India - Mondaq,"WEB4 Mar 2020 · Data scraping (or web scraping) is a methodology in which a computer program / software is used to import any data or information from a website into a readable output format. Although, an alternate option of traditional copy-pasting of data from a website is available, it is very cumbersome and time-taking. Websites such as e …"
Top 5 Advantages of Data Scraping - 2024 - OptiSol,"WEB9 Feb 2023 · Data scraping, also known as web scraping, is a technique utilized to extract information from various online sources, especially websites. Essentially, it employs automated processes or scripts to navigate through web pages, download HTML content, and extract specific data elements. This method facilitates the structured collection of …"
Studio - Example of Using Data Scraping - UiPath Documentation …,"WEB3 Apr 2024 · Add an Excel Application Scope activity under the Data Scraping sequence. In the Properties panel of the Excel Application Scope activity, in the WorkbookPath field, type ""web_scraping.xlsx"". Upon project execution, a file with this name is created in the project folder to store data from the scraping. Alternatively, you can specify a file that already …"
web scraping v.s. screen scraping | Octoparse,"WEB8 Aug 2021 · What Is Data Scraping? Data scraping is a process that undertakes the automatic capturing of data on websites, applications, or legacy systems. As data or information is scattered around a great number of different places on the Internet, data scraping is a powerful technique for people to integrate needed data and information …"
Outsource Data Extraction Services | Web Scraping and Mining,"WEBOur experienced team and advanced techniques to extract data ensure accurate and timely information retrieval. Whether it’s web data scraping, data cleansing or data processing solutions, we deliver with excellence. Outsource data extraction services for web scraping and data mining. Get access to critical data with our expert web data ..."
What is Data Scraping and what are its applications for Data …,"WEBData Scraping is an extremely wide-ranging subject that covers several contexts, from content optimization for search engines to market analysis, or from business strategies to cyber security. So, let's try to understand what this set of techniques consists of, and in which areas it can be used for data valorization."
What is data scraping | what is web scraping | data scraping tutorial …,"4:40

WEB18 May 2021 · What is data scraping | what is web scraping | data scraping tutorial in hindi | data scraping | web scraping| HindiHi everyone, this is Manish Kumar, and we...

Author: Manish Kumar Talks
Views: 18.3K"
,People also search fordata scraping examplesscraping data meaningdata crawling vs scrapingdata scraping for beginnersdata scrubbing vs cleansingdata scraping techniques
(PDF) Web Data Scraping - ResearchGate,"(PDF) Web Data Scraping - ResearchGate

WEB15 Mar 2020 · Web Scraping (also termed Screen Scraping, Web Data Extraction, Web Harvesting etc.) is a concept. utilized to gather information from sites whereby the information is extricated and spared to a ..."
IoT Data Scraping: All You Need to Know About Scraping IoT Data,"WEB5 Sep 2018 · IoT data scraping can provide the infrastructure access to accurate data at the right time. This will further empower the IoT network to analyze and then transfer it on to the application interfaces like mobile devices, laptops, and servers. It will allow you to gain insights on critical questions like which data element is the most crucial or adds the most …"
What Is Data Scraping? Definition & Usage - Okta AU & NZ,"WEB14 Feb 2023 · Definition & Usage. Data scraping involves pulling information out of a website and into a spreadsheet. To a dedicated data scraper, the method is an efficient way to grab a great deal of information for analysis, processing, or presentation. For example: Imagine that you work for a local shoe company, and your manager asked you to find …"
Web Scraping with Python: A Complete Step-by-Step Guide + Code,WEB29 Mar 2023 · The web scraping process involves sending a request to a website and parsing the HTML code to extract the relevant data. This data is then cleaned and structured into a format that can be easily ...
Best Web Scraping Courses & Certificates Online [2024] | Coursera,"WEBSome titles associated with Web Scraping include Data Scientist, Web Developer, Web Collection Specialist, Research Assistant, Application Developer, Web Mining Developer, Site Merchandiser, Market Intelligence Analyst, and of course, Web Scraper. In the U.S., Web Scraping can earn learners an average of $79,018 per year, according to ZipRecruiter. ..."
A Comprehensive Guide to Web Scraping Techniques in 2024,"WEBSource: Bright Data 3. Web Scraping APIs. Web scraping APIs enable developers to access and extract relevant data from websites. Websites can provide web scraping APIs, such as Twitter API, Amazon API, and Facebook API. However, some websites may not offer APIs for the targeted data, requiring the use of a web scraping service to collect web data."
40 Best Data Scraping Tools in 2023 - ColdIQ,"WEBBright Data offers a versatile data scraping solution with a wide range of features and tools for both non-developers and developers, making it suitable for various web scraping needs. Pricing: Bright Data offers a free trial and pricing starts at $0.110/GB. Rating: Bright Data is rated 4.6/5 on G2 (156 reviews) 14."
Web Scraper - The #1 web scraping extension,"WEBBuild scrapers, scrape sites and export data in CSV format directly from your browser. Use Web Scraper Cloud to export data in CSV, XLSX and JSON formats, access it via API, webhooks or get it exported via Dropbox, Google Sheets or Amazon S3. Start using Web Scraper now! Install Web Scraper. Chrome extension Firefox add-on. Scrape your first site …"
Web Scraping - A Complete Guide - DEV Community,"WEB21 Jan 2023 · Web Scraping, also known as data extraction or data scraping, is the process of extracting or collecting data from websites or other sources in the form of text, images, videos, links, etc. Web Scraping is helpful when a particular website does not have an official API or has a limit on the access of data."
"What Is Web Scraping? Definition, Uses And Techniques","WEB2 Nov 2023 · Data collection is an essential step in marketing, development and analysis. A process, such as web scraping, can help companies collect data from various websites that analysts can use to develop strategies. Learning the uses of web scraping and techniques to perform this process may improve your data collection and analysis process. In this …"
,People also search fordata scraping examplesscraping data meaningdata crawling vs scrapingdata scraping for beginnersdata scrubbing vs cleansingdata scraping techniques
Web Scraping Use Cases: Top - 15 in 2024 - DATAFOREST,"WEB2 Apr 2024 · Web scraping is not merely a tool; it's a strategic asset that fuels lead generation, market intelligence, and dynamic pricing strategies across many industries. Web Scraping Use Cases Top 15 in 2024 1. Watch on. Drawing on authoritative market data, the web scraping software sector has experienced an exponential growth spurt—skyrocketing …"
"Data Scraping, Data Scraping Services in India - India Business …","WEBData Scraping Services. ₹ 1,000/ Hour Get Latest Price. Service Location: India. Linkedin profile scraping, Web data scraping, Web Data ExtractionIt's one of the most efficient ways to get data from the web, and in some cases to channel that data to another website. Popular uses of data scraping."
Data Mining & Web Scraping Freelancers for Hire Online | Fiverr,WEBFrom $80. K. Katari Bullemma. Level 1. I will extract niche audience data from facebook group pages. 4.8 (5) From $30. Affordable data mining and web scraping Services. Hire a freelance data mining or web scraping expert today and get your data extraction project done remotely online.
Data Crawling vs Data Scraping - The Key Differences - PromptCloud,"WEB30 May 2012 · What is Data Scraping. Data scraping, also known as web scraping, is the process of extracting data from websites. This technique involves the use of software or scripts to automatically access the web and collect information from web pages. The data collected can then be analyzed, stored, and used for various purposes."
Everything About Web Scraping | Towards Data Science,"WEB17 Feb 2020 · Web scraping is a method used to get great amounts of data from websites and then data can be used for any kind of data manipulation and operation on it. For this technique, we use web browsers. You usually do not have the built-in option to get that data you want. That is why we use Web Scraping to automate the process of getting that data …"
What is Data Scraping and How Can It Benefit Your Site?,WEB28 Nov 2020 · The data scraping definition is the process required to import information to a local file or spreadsheet on your computer from a website. This process is also referred to as database scraping and web scraping. Scraping is one of the most effective and efficient methods to get data from the internet. You can also channel your data to a ...
What is Data Scraping? What are the different types? Discuss the ...,"WEB13 Apr 2021 · Data scraping is a technique used by the attackers to extract valuable data from a website. For this, an application is used by the attackers to scrap data for unauthorized purposes. Then explain the Types of data scraping – Content scraping, Price scraping, Contact scraping. Comment on the legality of it – The legality of data scraping …"
What Is Data Scraping: A Comprehensive Guide - Multilogin,"WEB15 Jun 2023 · Data scraping, in its most sophisticated form, is the automated extraction of structured information from an unstructured or semi-structured source. It's a crucial technique allowing us to transform the vast amount of data available on the internet into a usable and manageable format. Data Scraping vs. Web Crawling . Data scraping is often …"
What is Data Scraping: Web Scraping vs. Screen Scraping,"WEB9 Nov 2020 · Scraping data from websites is very much like human behaviors browsing over a number of sites. The difference is, in order to get information available in a local file, web scraping can extract ..."
What is data scraping? Purpose and examples of data scraping.,"WEB7 May 2022 · Purpose of data scraping. Scraping can collect information on the Internet and process the acquired information. The more detailed the data is extracted, the deeper the data analysis will be. Data scraping tools. There are many web scraping tools developed to get the information you need on your website. ScrapeStorm is a web scraping tool based ..."
,People also search fordata scraping examplesscraping data meaningdata crawling vs scrapingdata scraping for beginnersdata scrubbing vs cleansingdata scraping techniques
